time,islands_size,island_capacity,islands_distance,islands_diversity,individual_count
1,"[10207.034531513238, 32047.38665926948]","[1020, 3204]","[456.31677593531447, 557.8530272392542]","[0, 0]","[0, 0]"
2,"[10207.034531513238, 32047.38665926948]","[1020, 3204]","[456.31677593531447, 557.8530272392542]","[2, 0]","[2, 0]"
3,"[10207.034531513238, 32047.38665926948]","[1020, 3204]","[456.31677593531447, 557.8530272392542]","[3, 1]","[3, 1]"
4,"[10207.034531513238, 32047.38665926948]","[1020, 3204]","[456.31677593531447, 557.8530272392542]","[3, 1]","[3, 1]"
5,"[10207.034531513238, 32047.38665926948]","[1020, 3204]","[456.31677593531447, 557.8530272392542]","[4, 2]","[4, 2]"
6,"[10207.034531513238, 32047.38665926948]","[1020, 3204]","[456.31677593531447, 557.8530272392542]","[5, 2]","[5, 2]"
7,"[10207.034531513238, 32047.38665926948]","[1020, 3204]","[456.31677593531447, 557.8530272392542]","[5, 2]","[5, 2]"
8,"[10207.034531513238, 32047.38665926948]","[1020, 3204]","[456.31677593531447, 557.8530272392542]","[5, 2]","[5, 2]"
9,"[10207.034531513238, 32047.38665926948]","[1020, 3204]","[456.31677593531447, 557.8530272392542]","[5, 3]","[5, 3]"
10,"[10207.034531513238, 32047.38665926948]","[1020, 3204]","[456.31677593531447, 557.8530272392542]","[5, 4]","[5, 4]"
11,"[10207.034531513238, 32047.38665926948]","[1020, 3204]","[456.31677593531447, 557.8530272392542]","[5, 4]","[5, 4]"
12,"[10207.034531513238, 32047.38665926948]","[1020, 3204]","[456.31677593531447, 557.8530272392542]","[5, 4]","[5, 4]"
13,"[10207.034531513238, 32047.38665926948]","[1020, 3204]","[456.31677593531447, 557.8530272392542]","[5, 4]","[5, 4]"
14,"[10207.034531513238, 32047.38665926948]","[1020, 3204]","[456.31677593531447, 557.8530272392542]","[5, 4]","[5, 4]"
15,"[10207.034531513238, 32047.38665926948]","[1020, 3204]","[456.31677593531447, 557.8530272392542]","[5, 4]","[5, 4]"
16,"[10207.034531513238, 32047.38665926948]","[1020, 3204]","[456.31677593531447, 557.8530272392542]","[5, 4]","[5, 4]"
17,"[10207.034531513238, 32047.38665926948]","[1020, 3204]","[456.31677593531447, 557.8530272392542]","[5, 5]","[5, 5]"
18,"[10207.034531513238, 32047.38665926948]","[1020, 3204]","[456.31677593531447, 557.8530272392542]","[5, 6]","[5, 6]"
19,"[10207.034531513238, 32047.38665926948]","[1020, 3204]","[456.31677593531447, 557.8530272392542]","[5, 6]","[5, 6]"
20,"[10207.034531513238, 32047.38665926948]","[1020, 3204]","[456.31677593531447, 557.8530272392542]","[6, 6]","[6, 6]"
21,"[10207.034531513238, 32047.38665926948]","[1020, 3204]","[456.31677593531447, 557.8530272392542]","[6, 6]","[6, 6]"
22,"[10207.034531513238, 32047.38665926948]","[1020, 3204]","[456.31677593531447, 557.8530272392542]","[6, 6]","[6, 6]"
23,"[10207.034531513238, 32047.38665926948]","[1020, 3204]","[456.31677593531447, 557.8530272392542]","[7, 6]","[7, 6]"
24,"[10207.034531513238, 32047.38665926948]","[1020, 3204]","[456.31677593531447, 557.8530272392542]","[7, 6]","[7, 6]"
25,"[10207.034531513238, 32047.38665926948]","[1020, 3204]","[456.31677593531447, 557.8530272392542]","[7, 6]","[7, 6]"
26,"[10207.034531513238, 32047.38665926948]","[1020, 3204]","[456.31677593531447, 557.8530272392542]","[8, 6]","[8, 6]"
27,"[10207.034531513238, 32047.38665926948]","[1020, 3204]","[456.31677593531447, 557.8530272392542]","[8, 8]","[8, 8]"
28,"[10207.034531513238, 32047.38665926948]","[1020, 3204]","[456.31677593531447, 557.8530272392542]","[9, 8]","[9, 8]"
29,"[10207.034531513238, 32047.38665926948]","[1020, 3204]","[456.31677593531447, 557.8530272392542]","[10, 8]","[10, 8]"
30,"[10207.034531513238, 32047.38665926948]","[1020, 3204]","[456.31677593531447, 557.8530272392542]","[10, 8]","[10, 8]"
31,"[10207.034531513238, 32047.38665926948]","[1020, 3204]","[456.31677593531447, 557.8530272392542]","[10, 8]","[10, 8]"
32,"[10207.034531513238, 32047.38665926948]","[1020, 3204]","[456.31677593531447, 557.8530272392542]","[10, 8]","[10, 8]"
33,"[10207.034531513238, 32047.38665926948]","[1020, 3204]","[456.31677593531447, 557.8530272392542]","[10, 8]","[10, 8]"
34,"[10207.034531513238, 32047.38665926948]","[1020, 3204]","[456.31677593531447, 557.8530272392542]","[10, 8]","[10, 8]"
35,"[10207.034531513238, 32047.38665926948]","[1020, 3204]","[456.31677593531447, 557.8530272392542]","[11, 9]","[11, 9]"
36,"[10207.034531513238, 32047.38665926948]","[1020, 3204]","[456.31677593531447, 557.8530272392542]","[11, 9]","[11, 9]"
37,"[10207.034531513238, 32047.38665926948]","[1020, 3204]","[456.31677593531447, 557.8530272392542]","[11, 9]","[11, 9]"
38,"[10207.034531513238, 32047.38665926948]","[1020, 3204]","[456.31677593531447, 557.8530272392542]","[11, 9]","[11, 9]"
39,"[10207.034531513238, 32047.38665926948]","[1020, 3204]","[456.31677593531447, 557.8530272392542]","[11, 10]","[11, 10]"
40,"[10207.034531513238, 32047.38665926948]","[1020, 3204]","[456.31677593531447, 557.8530272392542]","[11, 10]","[11, 10]"
41,"[10207.034531513238, 32047.38665926948]","[1020, 3204]","[456.31677593531447, 557.8530272392542]","[11, 11]","[11, 11]"
42,"[10207.034531513238, 32047.38665926948]","[1020, 3204]","[456.31677593531447, 557.8530272392542]","[11, 11]","[11, 11]"
43,"[10207.034531513238, 32047.38665926948]","[1020, 3204]","[456.31677593531447, 557.8530272392542]","[11, 11]","[11, 11]"
44,"[10207.034531513238, 32047.38665926948]","[1020, 3204]","[456.31677593531447, 557.8530272392542]","[11, 11]","[11, 11]"
45,"[10207.034531513238, 32047.38665926948]","[1020, 3204]","[456.31677593531447, 557.8530272392542]","[11, 11]","[11, 11]"
46,"[10207.034531513238, 32047.38665926948]","[1020, 3204]","[456.31677593531447, 557.8530272392542]","[11, 11]","[11, 11]"
47,"[10207.034531513238, 32047.38665926948]","[1020, 3204]","[456.31677593531447, 557.8530272392542]","[11, 11]","[11, 11]"
48,"[10207.034531513238, 32047.38665926948]","[1020, 3204]","[456.31677593531447, 557.8530272392542]","[11, 11]","[11, 11]"
49,"[10207.034531513238, 32047.38665926948]","[1020, 3204]","[456.31677593531447, 557.8530272392542]","[11, 11]","[11, 11]"
50,"[10207.034531513238, 32047.38665926948]","[1020, 3204]","[456.31677593531447, 557.8530272392542]","[11, 11]","[11, 11]"
51,"[10207.034531513238, 32047.38665926948]","[1020, 3204]","[456.31677593531447, 557.8530272392542]","[11, 11]","[11, 11]"
52,"[10207.034531513238, 32047.38665926948]","[1020, 3204]","[456.31677593531447, 557.8530272392542]","[11, 11]","[11, 11]"
53,"[10207.034531513238, 32047.38665926948]","[1020, 3204]","[456.31677593531447, 557.8530272392542]","[11, 11]","[11, 11]"
54,"[10207.034531513238, 32047.38665926948]","[1020, 3204]","[456.31677593531447, 557.8530272392542]","[11, 11]","[11, 11]"
55,"[10207.034531513238, 32047.38665926948]","[1020, 3204]","[456.31677593531447, 557.8530272392542]","[11, 11]","[11, 11]"
56,"[10207.034531513238, 32047.38665926948]","[1020, 3204]","[456.31677593531447, 557.8530272392542]","[11, 11]","[11, 11]"
57,"[10207.034531513238, 32047.38665926948]","[1020, 3204]","[456.31677593531447, 557.8530272392542]","[12, 11]","[12, 11]"
58,"[10207.034531513238, 32047.38665926948]","[1020, 3204]","[456.31677593531447, 557.8530272392542]","[12, 11]","[12, 11]"
59,"[10207.034531513238, 32047.38665926948]","[1020, 3204]","[456.31677593531447, 557.8530272392542]","[12, 11]","[12, 11]"
60,"[10207.034531513238, 32047.38665926948]","[1020, 3204]","[456.31677593531447, 557.8530272392542]","[12, 11]","[12, 11]"
61,"[10207.034531513238, 32047.38665926948]","[1020, 3204]","[456.31677593531447, 557.8530272392542]","[12, 11]","[12, 11]"
62,"[10207.034531513238, 32047.38665926948]","[1020, 3204]","[456.31677593531447, 557.8530272392542]","[12, 11]","[12, 11]"
63,"[10207.034531513238, 32047.38665926948]","[1020, 3204]","[456.31677593531447, 557.8530272392542]","[12, 11]","[12, 11]"
64,"[10207.034531513238, 32047.38665926948]","[1020, 3204]","[456.31677593531447, 557.8530272392542]","[12, 11]","[12, 11]"
65,"[10207.034531513238, 32047.38665926948]","[1020, 3204]","[456.31677593531447, 557.8530272392542]","[13, 11]","[13, 11]"
66,"[10207.034531513238, 32047.38665926948]","[1020, 3204]","[456.31677593531447, 557.8530272392542]","[14, 12]","[14, 12]"
67,"[10207.034531513238, 32047.38665926948]","[1020, 3204]","[456.31677593531447, 557.8530272392542]","[14, 12]","[14, 12]"
68,"[10207.034531513238, 32047.38665926948]","[1020, 3204]","[456.31677593531447, 557.8530272392542]","[14, 12]","[14, 12]"
69,"[10207.034531513238, 32047.38665926948]","[1020, 3204]","[456.31677593531447, 557.8530272392542]","[14, 12]","[14, 12]"
70,"[10207.034531513238, 32047.38665926948]","[1020, 3204]","[456.31677593531447, 557.8530272392542]","[14, 12]","[14, 12]"
71,"[10207.034531513238, 32047.38665926948]","[1020, 3204]","[456.31677593531447, 557.8530272392542]","[14, 12]","[14, 12]"
72,"[10207.034531513238, 32047.38665926948]","[1020, 3204]","[456.31677593531447, 557.8530272392542]","[14, 12]","[14, 12]"
73,"[10207.034531513238, 32047.38665926948]","[1020, 3204]","[456.31677593531447, 557.8530272392542]","[14, 12]","[14, 12]"
74,"[10207.034531513238, 32047.38665926948]","[1020, 3204]","[456.31677593531447, 557.8530272392542]","[14, 12]","[14, 12]"
75,"[10207.034531513238, 32047.38665926948]","[1020, 3204]","[456.31677593531447, 557.8530272392542]","[16, 12]","[16, 12]"
76,"[10207.034531513238, 32047.38665926948]","[1020, 3204]","[456.31677593531447, 557.8530272392542]","[16, 12]","[16, 12]"
77,"[10207.034531513238, 32047.38665926948]","[1020, 3204]","[456.31677593531447, 557.8530272392542]","[16, 12]","[16, 12]"
78,"[10207.034531513238, 32047.38665926948]","[1020, 3204]","[456.31677593531447, 557.8530272392542]","[17, 12]","[17, 12]"
79,"[10207.034531513238, 32047.38665926948]","[1020, 3204]","[456.31677593531447, 557.8530272392542]","[17, 13]","[17, 13]"
80,"[10207.034531513238, 32047.38665926948]","[1020, 3204]","[456.31677593531447, 557.8530272392542]","[17, 13]","[17, 13]"
81,"[10207.034531513238, 32047.38665926948]","[1020, 3204]","[456.31677593531447, 557.8530272392542]","[17, 13]","[17, 13]"
82,"[10207.034531513238, 32047.38665926948]","[1020, 3204]","[456.31677593531447, 557.8530272392542]","[17, 13]","[17, 13]"
83,"[10207.034531513238, 32047.38665926948]","[1020, 3204]","[456.31677593531447, 557.8530272392542]","[18, 13]","[18, 13]"
84,"[10207.034531513238, 32047.38665926948]","[1020, 3204]","[456.31677593531447, 557.8530272392542]","[18, 13]","[18, 13]"
85,"[10207.034531513238, 32047.38665926948]","[1020, 3204]","[456.31677593531447, 557.8530272392542]","[18, 13]","[18, 13]"
86,"[10207.034531513238, 32047.38665926948]","[1020, 3204]","[456.31677593531447, 557.8530272392542]","[18, 13]","[18, 13]"
87,"[10207.034531513238, 32047.38665926948]","[1020, 3204]","[456.31677593531447, 557.8530272392542]","[18, 13]","[18, 13]"
88,"[10207.034531513238, 32047.38665926948]","[1020, 3204]","[456.31677593531447, 557.8530272392542]","[19, 13]","[19, 13]"
89,"[10207.034531513238, 32047.38665926948]","[1020, 3204]","[456.31677593531447, 557.8530272392542]","[19, 13]","[19, 13]"
90,"[10207.034531513238, 32047.38665926948]","[1020, 3204]","[456.31677593531447, 557.8530272392542]","[19, 13]","[19, 13]"
91,"[10207.034531513238, 32047.38665926948]","[1020, 3204]","[456.31677593531447, 557.8530272392542]","[19, 13]","[19, 13]"
92,"[10207.034531513238, 32047.38665926948]","[1020, 3204]","[456.31677593531447, 557.8530272392542]","[20, 13]","[20, 13]"
93,"[10207.034531513238, 32047.38665926948]","[1020, 3204]","[456.31677593531447, 557.8530272392542]","[20, 13]","[20, 13]"
94,"[10207.034531513238, 32047.38665926948]","[1020, 3204]","[456.31677593531447, 557.8530272392542]","[20, 13]","[20, 13]"
95,"[10207.034531513238, 32047.38665926948]","[1020, 3204]","[456.31677593531447, 557.8530272392542]","[20, 13]","[20, 13]"
96,"[10207.034531513238, 32047.38665926948]","[1020, 3204]","[456.31677593531447, 557.8530272392542]","[20, 13]","[20, 13]"
97,"[10207.034531513238, 32047.38665926948]","[1020, 3204]","[456.31677593531447, 557.8530272392542]","[20, 14]","[20, 14]"
98,"[10207.034531513238, 32047.38665926948]","[1020, 3204]","[456.31677593531447, 557.8530272392542]","[20, 14]","[20, 14]"
99,"[10207.034531513238, 32047.38665926948]","[1020, 3204]","[456.31677593531447, 557.8530272392542]","[20, 14]","[20, 14]"
100,"[10207.034531513238, 32047.38665926948]","[1020, 3204]","[456.31677593531447, 557.8530272392542]","[20, 14]","[20, 14]"
101,"[10207.034531513238, 32047.38665926948]","[1020, 3204]","[456.31677593531447, 557.8530272392542]","[20, 14]","[20, 14]"
102,"[10207.034531513238, 32047.38665926948]","[1020, 3204]","[456.31677593531447, 557.8530272392542]","[20, 15]","[20, 15]"
103,"[10207.034531513238, 32047.38665926948]","[1020, 3204]","[456.31677593531447, 557.8530272392542]","[20, 15]","[20, 15]"
104,"[10207.034531513238, 32047.38665926948]","[1020, 3204]","[456.31677593531447, 557.8530272392542]","[20, 15]","[20, 15]"
105,"[10207.034531513238, 32047.38665926948]","[1020, 3204]","[456.31677593531447, 557.8530272392542]","[20, 15]","[20, 15]"
106,"[10207.034531513238, 32047.38665926948]","[1020, 3204]","[456.31677593531447, 557.8530272392542]","[20, 15]","[20, 15]"
107,"[10207.034531513238, 32047.38665926948]","[1020, 3204]","[456.31677593531447, 557.8530272392542]","[20, 15]","[20, 15]"
108,"[10207.034531513238, 32047.38665926948]","[1020, 3204]","[456.31677593531447, 557.8530272392542]","[20, 15]","[20, 15]"
109,"[10207.034531513238, 32047.38665926948]","[1020, 3204]","[456.31677593531447, 557.8530272392542]","[20, 15]","[20, 15]"
110,"[10207.034531513238, 32047.38665926948]","[1020, 3204]","[456.31677593531447, 557.8530272392542]","[20, 15]","[20, 15]"
111,"[10207.034531513238, 32047.38665926948]","[1020, 3204]","[456.31677593531447, 557.8530272392542]","[20, 15]","[20, 15]"
112,"[10207.034531513238, 32047.38665926948]","[1020, 3204]","[456.31677593531447, 557.8530272392542]","[20, 15]","[20, 15]"
113,"[10207.034531513238, 32047.38665926948]","[1020, 3204]","[456.31677593531447, 557.8530272392542]","[20, 15]","[20, 15]"
114,"[10207.034531513238, 32047.38665926948]","[1020, 3204]","[456.31677593531447, 557.8530272392542]","[20, 15]","[20, 15]"
115,"[10207.034531513238, 32047.38665926948]","[1020, 3204]","[456.31677593531447, 557.8530272392542]","[20, 15]","[20, 15]"
116,"[10207.034531513238, 32047.38665926948]","[1020, 3204]","[456.31677593531447, 557.8530272392542]","[20, 15]","[20, 15]"
117,"[10207.034531513238, 32047.38665926948]","[1020, 3204]","[456.31677593531447, 557.8530272392542]","[20, 15]","[20, 15]"
118,"[10207.034531513238, 32047.38665926948]","[1020, 3204]","[456.31677593531447, 557.8530272392542]","[20, 15]","[20, 15]"
119,"[10207.034531513238, 32047.38665926948]","[1020, 3204]","[456.31677593531447, 557.8530272392542]","[20, 15]","[20, 15]"
120,"[10207.034531513238, 32047.38665926948]","[1020, 3204]","[456.31677593531447, 557.8530272392542]","[20, 15]","[20, 15]"
121,"[10207.034531513238, 32047.38665926948]","[1020, 3204]","[456.31677593531447, 557.8530272392542]","[20, 15]","[20, 15]"
122,"[10207.034531513238, 32047.38665926948]","[1020, 3204]","[456.31677593531447, 557.8530272392542]","[20, 15]","[20, 15]"
123,"[10207.034531513238, 32047.38665926948]","[1020, 3204]","[456.31677593531447, 557.8530272392542]","[20, 15]","[20, 15]"
124,"[10207.034531513238, 32047.38665926948]","[1020, 3204]","[456.31677593531447, 557.8530272392542]","[20, 15]","[20, 15]"
125,"[10207.034531513238, 32047.38665926948]","[1020, 3204]","[456.31677593531447, 557.8530272392542]","[20, 15]","[20, 15]"
126,"[10207.034531513238, 32047.38665926948]","[1020, 3204]","[456.31677593531447, 557.8530272392542]","[20, 15]","[20, 15]"
127,"[10207.034531513238, 32047.38665926948]","[1020, 3204]","[456.31677593531447, 557.8530272392542]","[20, 15]","[20, 15]"
128,"[10207.034531513238, 32047.38665926948]","[1020, 3204]","[456.31677593531447, 557.8530272392542]","[20, 15]","[20, 15]"
129,"[10207.034531513238, 32047.38665926948]","[1020, 3204]","[456.31677593531447, 557.8530272392542]","[20, 15]","[20, 15]"
130,"[10207.034531513238, 32047.38665926948]","[1020, 3204]","[456.31677593531447, 557.8530272392542]","[20, 15]","[20, 15]"
131,"[10207.034531513238, 32047.38665926948]","[1020, 3204]","[456.31677593531447, 557.8530272392542]","[20, 15]","[20, 15]"
132,"[10207.034531513238, 32047.38665926948]","[1020, 3204]","[456.31677593531447, 557.8530272392542]","[20, 15]","[20, 15]"
133,"[10207.034531513238, 32047.38665926948]","[1020, 3204]","[456.31677593531447, 557.8530272392542]","[20, 15]","[20, 15]"
134,"[10207.034531513238, 32047.38665926948]","[1020, 3204]","[456.31677593531447, 557.8530272392542]","[20, 15]","[20, 15]"
135,"[10207.034531513238, 32047.38665926948]","[1020, 3204]","[456.31677593531447, 557.8530272392542]","[20, 15]","[20, 15]"
136,"[10207.034531513238, 32047.38665926948]","[1020, 3204]","[456.31677593531447, 557.8530272392542]","[20, 15]","[20, 15]"
137,"[10207.034531513238, 32047.38665926948]","[1020, 3204]","[456.31677593531447, 557.8530272392542]","[20, 15]","[20, 15]"
138,"[10207.034531513238, 32047.38665926948]","[1020, 3204]","[456.31677593531447, 557.8530272392542]","[20, 15]","[20, 15]"
139,"[10207.034531513238, 32047.38665926948]","[1020, 3204]","[456.31677593531447, 557.8530272392542]","[20, 15]","[20, 15]"
140,"[10207.034531513238, 32047.38665926948]","[1020, 3204]","[456.31677593531447, 557.8530272392542]","[20, 15]","[20, 15]"
141,"[10207.034531513238, 32047.38665926948]","[1020, 3204]","[456.31677593531447, 557.8530272392542]","[20, 15]","[20, 15]"
142,"[10207.034531513238, 32047.38665926948]","[1020, 3204]","[456.31677593531447, 557.8530272392542]","[20, 15]","[20, 15]"
143,"[10207.034531513238, 32047.38665926948]","[1020, 3204]","[456.31677593531447, 557.8530272392542]","[20, 15]","[20, 15]"
144,"[10207.034531513238, 32047.38665926948]","[1020, 3204]","[456.31677593531447, 557.8530272392542]","[20, 16]","[20, 16]"
145,"[10207.034531513238, 32047.38665926948]","[1020, 3204]","[456.31677593531447, 557.8530272392542]","[20, 16]","[20, 16]"
146,"[10207.034531513238, 32047.38665926948]","[1020, 3204]","[456.31677593531447, 557.8530272392542]","[20, 16]","[20, 16]"
147,"[10207.034531513238, 32047.38665926948]","[1020, 3204]","[456.31677593531447, 557.8530272392542]","[20, 16]","[20, 16]"
148,"[10207.034531513238, 32047.38665926948]","[1020, 3204]","[456.31677593531447, 557.8530272392542]","[20, 16]","[20, 16]"
149,"[10207.034531513238, 32047.38665926948]","[1020, 3204]","[456.31677593531447, 557.8530272392542]","[20, 16]","[20, 16]"
150,"[10207.034531513238, 32047.38665926948]","[1020, 3204]","[456.31677593531447, 557.8530272392542]","[20, 16]","[20, 16]"
151,"[10207.034531513238, 32047.38665926948]","[1020, 3204]","[456.31677593531447, 557.8530272392542]","[20, 16]","[20, 16]"
152,"[10207.034531513238, 32047.38665926948]","[1020, 3204]","[456.31677593531447, 557.8530272392542]","[20, 16]","[20, 16]"
153,"[10207.034531513238, 32047.38665926948]","[1020, 3204]","[456.31677593531447, 557.8530272392542]","[20, 16]","[20, 16]"
154,"[10207.034531513238, 32047.38665926948]","[1020, 3204]","[456.31677593531447, 557.8530272392542]","[20, 16]","[20, 16]"
155,"[10207.034531513238, 32047.38665926948]","[1020, 3204]","[456.31677593531447, 557.8530272392542]","[20, 16]","[20, 16]"
156,"[10207.034531513238, 32047.38665926948]","[1020, 3204]","[456.31677593531447, 557.8530272392542]","[20, 16]","[20, 16]"
157,"[10207.034531513238, 32047.38665926948]","[1020, 3204]","[456.31677593531447, 557.8530272392542]","[20, 16]","[20, 16]"
158,"[10207.034531513238, 32047.38665926948]","[1020, 3204]","[456.31677593531447, 557.8530272392542]","[21, 16]","[21, 16]"
159,"[10207.034531513238, 32047.38665926948]","[1020, 3204]","[456.31677593531447, 557.8530272392542]","[21, 16]","[21, 16]"
160,"[10207.034531513238, 32047.38665926948]","[1020, 3204]","[456.31677593531447, 557.8530272392542]","[21, 16]","[21, 16]"
161,"[10207.034531513238, 32047.38665926948]","[1020, 3204]","[456.31677593531447, 557.8530272392542]","[21, 16]","[21, 16]"
162,"[10207.034531513238, 32047.38665926948]","[1020, 3204]","[456.31677593531447, 557.8530272392542]","[21, 16]","[21, 16]"
163,"[10207.034531513238, 32047.38665926948]","[1020, 3204]","[456.31677593531447, 557.8530272392542]","[21, 16]","[21, 16]"
164,"[10207.034531513238, 32047.38665926948]","[1020, 3204]","[456.31677593531447, 557.8530272392542]","[21, 16]","[21, 16]"
165,"[10207.034531513238, 32047.38665926948]","[1020, 3204]","[456.31677593531447, 557.8530272392542]","[21, 16]","[21, 16]"
166,"[10207.034531513238, 32047.38665926948]","[1020, 3204]","[456.31677593531447, 557.8530272392542]","[21, 16]","[21, 16]"
167,"[10207.034531513238, 32047.38665926948]","[1020, 3204]","[456.31677593531447, 557.8530272392542]","[21, 16]","[21, 16]"
168,"[10207.034531513238, 32047.38665926948]","[1020, 3204]","[456.31677593531447, 557.8530272392542]","[21, 16]","[21, 16]"
169,"[10207.034531513238, 32047.38665926948]","[1020, 3204]","[456.31677593531447, 557.8530272392542]","[21, 16]","[21, 16]"
170,"[10207.034531513238, 32047.38665926948]","[1020, 3204]","[456.31677593531447, 557.8530272392542]","[21, 16]","[21, 16]"
171,"[10207.034531513238, 32047.38665926948]","[1020, 3204]","[456.31677593531447, 557.8530272392542]","[21, 16]","[21, 16]"
172,"[10207.034531513238, 32047.38665926948]","[1020, 3204]","[456.31677593531447, 557.8530272392542]","[21, 16]","[21, 16]"
173,"[10207.034531513238, 32047.38665926948]","[1020, 3204]","[456.31677593531447, 557.8530272392542]","[21, 16]","[21, 16]"
174,"[10207.034531513238, 32047.38665926948]","[1020, 3204]","[456.31677593531447, 557.8530272392542]","[22, 16]","[22, 16]"
175,"[10207.034531513238, 32047.38665926948]","[1020, 3204]","[456.31677593531447, 557.8530272392542]","[22, 16]","[22, 16]"
176,"[10207.034531513238, 32047.38665926948]","[1020, 3204]","[456.31677593531447, 557.8530272392542]","[22, 16]","[22, 16]"
177,"[10207.034531513238, 32047.38665926948]","[1020, 3204]","[456.31677593531447, 557.8530272392542]","[23, 16]","[23, 16]"
178,"[10207.034531513238, 32047.38665926948]","[1020, 3204]","[456.31677593531447, 557.8530272392542]","[23, 16]","[23, 16]"
179,"[10207.034531513238, 32047.38665926948]","[1020, 3204]","[456.31677593531447, 557.8530272392542]","[23, 16]","[23, 16]"
180,"[10207.034531513238, 32047.38665926948]","[1020, 3204]","[456.31677593531447, 557.8530272392542]","[23, 16]","[23, 16]"
181,"[10207.034531513238, 32047.38665926948]","[1020, 3204]","[456.31677593531447, 557.8530272392542]","[23, 16]","[23, 16]"
182,"[10207.034531513238, 32047.38665926948]","[1020, 3204]","[456.31677593531447, 557.8530272392542]","[23, 16]","[23, 16]"
183,"[10207.034531513238, 32047.38665926948]","[1020, 3204]","[456.31677593531447, 557.8530272392542]","[23, 16]","[23, 16]"
184,"[10207.034531513238, 32047.38665926948]","[1020, 3204]","[456.31677593531447, 557.8530272392542]","[23, 16]","[23, 16]"
185,"[10207.034531513238, 32047.38665926948]","[1020, 3204]","[456.31677593531447, 557.8530272392542]","[23, 16]","[23, 16]"
186,"[10207.034531513238, 32047.38665926948]","[1020, 3204]","[456.31677593531447, 557.8530272392542]","[23, 16]","[23, 16]"
187,"[10207.034531513238, 32047.38665926948]","[1020, 3204]","[456.31677593531447, 557.8530272392542]","[23, 16]","[23, 16]"
188,"[10207.034531513238, 32047.38665926948]","[1020, 3204]","[456.31677593531447, 557.8530272392542]","[24, 16]","[24, 16]"
189,"[10207.034531513238, 32047.38665926948]","[1020, 3204]","[456.31677593531447, 557.8530272392542]","[24, 16]","[24, 16]"
190,"[10207.034531513238, 32047.38665926948]","[1020, 3204]","[456.31677593531447, 557.8530272392542]","[24, 16]","[24, 16]"
191,"[10207.034531513238, 32047.38665926948]","[1020, 3204]","[456.31677593531447, 557.8530272392542]","[24, 16]","[24, 16]"
192,"[10207.034531513238, 32047.38665926948]","[1020, 3204]","[456.31677593531447, 557.8530272392542]","[24, 16]","[24, 16]"
193,"[10207.034531513238, 32047.38665926948]","[1020, 3204]","[456.31677593531447, 557.8530272392542]","[24, 16]","[24, 16]"
194,"[10207.034531513238, 32047.38665926948]","[1020, 3204]","[456.31677593531447, 557.8530272392542]","[24, 16]","[24, 16]"
195,"[10207.034531513238, 32047.38665926948]","[1020, 3204]","[456.31677593531447, 557.8530272392542]","[24, 16]","[24, 16]"
196,"[10207.034531513238, 32047.38665926948]","[1020, 3204]","[456.31677593531447, 557.8530272392542]","[24, 16]","[24, 16]"
197,"[10207.034531513238, 32047.38665926948]","[1020, 3204]","[456.31677593531447, 557.8530272392542]","[24, 16]","[24, 16]"
198,"[10207.034531513238, 32047.38665926948]","[1020, 3204]","[456.31677593531447, 557.8530272392542]","[24, 17]","[24, 17]"
199,"[10207.034531513238, 32047.38665926948]","[1020, 3204]","[456.31677593531447, 557.8530272392542]","[24, 17]","[24, 17]"
200,"[10207.034531513238, 32047.38665926948]","[1020, 3204]","[456.31677593531447, 557.8530272392542]","[24, 17]","[24, 17]"
201,"[10207.034531513238, 32047.38665926948]","[1020, 3204]","[456.31677593531447, 557.8530272392542]","[24, 17]","[24, 17]"
202,"[10207.034531513238, 32047.38665926948]","[1020, 3204]","[456.31677593531447, 557.8530272392542]","[24, 17]","[24, 17]"
203,"[10207.034531513238, 32047.38665926948]","[1020, 3204]","[456.31677593531447, 557.8530272392542]","[24, 17]","[24, 17]"
204,"[10207.034531513238, 32047.38665926948]","[1020, 3204]","[456.31677593531447, 557.8530272392542]","[24, 17]","[24, 17]"
205,"[10207.034531513238, 32047.38665926948]","[1020, 3204]","[456.31677593531447, 557.8530272392542]","[24, 17]","[24, 17]"
206,"[10207.034531513238, 32047.38665926948]","[1020, 3204]","[456.31677593531447, 557.8530272392542]","[24, 17]","[24, 17]"
207,"[10207.034531513238, 32047.38665926948]","[1020, 3204]","[456.31677593531447, 557.8530272392542]","[24, 17]","[24, 17]"
208,"[10207.034531513238, 32047.38665926948]","[1020, 3204]","[456.31677593531447, 557.8530272392542]","[24, 18]","[24, 18]"
209,"[10207.034531513238, 32047.38665926948]","[1020, 3204]","[456.31677593531447, 557.8530272392542]","[24, 18]","[24, 18]"
210,"[10207.034531513238, 32047.38665926948]","[1020, 3204]","[456.31677593531447, 557.8530272392542]","[24, 18]","[24, 18]"
211,"[10207.034531513238, 32047.38665926948]","[1020, 3204]","[456.31677593531447, 557.8530272392542]","[24, 18]","[24, 18]"
212,"[10207.034531513238, 32047.38665926948]","[1020, 3204]","[456.31677593531447, 557.8530272392542]","[24, 18]","[24, 18]"
213,"[10207.034531513238, 32047.38665926948]","[1020, 3204]","[456.31677593531447, 557.8530272392542]","[24, 18]","[24, 18]"
214,"[10207.034531513238, 32047.38665926948]","[1020, 3204]","[456.31677593531447, 557.8530272392542]","[24, 19]","[24, 19]"
215,"[10207.034531513238, 32047.38665926948]","[1020, 3204]","[456.31677593531447, 557.8530272392542]","[24, 19]","[24, 19]"
